{
  "queries": [
    "List all grocery stores",
    "What is total grocery revenue?",
    "Show gross margin by category"
  ],
  "results": [
    {
      "stage": "baseline",
      "query_count": 3,
      "latency_ms": {
        "mean": 9547.147353490194,
        "median": 9837.51106262207,
        "p95": 13714.650201797485
      },
      "llm_calls_mean": 2.3333333333333335,
      "success_rate": 0.6666666666666666,
      "clarification_rate": 0.6666666666666666,
      "sql_answer_rate": 0.0,
      "agent_mean_ms": {
        "classifier": 6283.1714153289795,
        "tool_planner": 2061.136166254679,
        "context": 1202.518145243327,
        "intent_gate": 0.3216266632080078
      },
      "runs": [
        {
          "query": "List all grocery stores",
          "latency_ms": 9837.51106262207,
          "llm_calls": 2,
          "answer_source": "error",
          "has_error": true,
          "clarifications": 0,
          "agent_timings": {
            "intent_gate": 0.13494491577148438,
            "tool_planner": 2973.7420082092285,
            "classifier": 4509.081125259399,
            "context": 2354.552984237671
          }
        },
        {
          "query": "What is total grocery revenue?",
          "latency_ms": 4658.487558364868,
          "llm_calls": 2,
          "answer_source": "clarification",
          "has_error": false,
          "clarifications": 1,
          "agent_timings": {
            "intent_gate": 0.47397613525390625,
            "tool_planner": 1609.3811988830566,
            "classifier": 2500.7410049438477,
            "context": 547.89137840271
          }
        },
        {
          "query": "Show gross margin by category",
          "latency_ms": 14145.443439483643,
          "llm_calls": 3,
          "answer_source": "clarification",
          "has_error": false,
          "clarifications": 1,
          "agent_timings": {
            "intent_gate": 0.3559589385986328,
            "tool_planner": 1600.285291671753,
            "classifier": 11839.692115783691,
            "context": 705.1100730895996
          }
        }
      ]
    },
    {
      "stage": "stage1_sql_two_stage",
      "query_count": 3,
      "latency_ms": {
        "mean": 7409.595966339111,
        "median": 8332.533597946167,
        "p95": 8655.657386779785
      },
      "llm_calls_mean": 2.0,
      "success_rate": 0.6666666666666666,
      "clarification_rate": 0.6666666666666666,
      "sql_answer_rate": 0.0,
      "agent_mean_ms": {
        "classifier": 4554.728269577026,
        "tool_planner": 2113.5953267415366,
        "context": 741.0653432210287,
        "intent_gate": 0.20702679951985678
      },
      "runs": [
        {
          "query": "List all grocery stores",
          "latency_ms": 8332.533597946167,
          "llm_calls": 2,
          "answer_source": "error",
          "has_error": true,
          "clarifications": 0,
          "agent_timings": {
            "intent_gate": 0.16570091247558594,
            "tool_planner": 2166.635751724243,
            "classifier": 5440.03701210022,
            "context": 725.6951332092285
          }
        },
        {
          "query": "What is total grocery revenue?",
          "latency_ms": 5204.6942710876465,
          "llm_calls": 2,
          "answer_source": "clarification",
          "has_error": false,
          "clarifications": 1,
          "agent_timings": {
            "intent_gate": 0.21719932556152344,
            "tool_planner": 2778.445243835449,
            "classifier": 1674.1578578948975,
            "context": 751.8739700317383
          }
        },
        {
          "query": "Show gross margin by category",
          "latency_ms": 8691.56002998352,
          "llm_calls": 2,
          "answer_source": "clarification",
          "has_error": false,
          "clarifications": 1,
          "agent_timings": {
            "intent_gate": 0.23818016052246094,
            "tool_planner": 1395.704984664917,
            "classifier": 6549.989938735962,
            "context": 745.6269264221191
          }
        }
      ]
    },
    {
      "stage": "stage2_prompt_budget",
      "query_count": 3,
      "latency_ms": {
        "mean": 39924.39349492391,
        "median": 47688.8210773468,
        "p95": 62774.015617370605
      },
      "llm_calls_mean": 4.0,
      "success_rate": 0.6666666666666666,
      "clarification_rate": 0.0,
      "sql_answer_rate": 0.6666666666666666,
      "agent_mean_ms": {
        "sql": 33315.298199653625,
        "classifier": 8571.65495554606,
        "executor": 4058.4781169891357,
        "response_synthesis": 3045.462965965271,
        "tool_planner": 2387.6332441965737,
        "context": 2016.500473022461,
        "validator": 2.7735233306884766,
        "intent_gate": 0.5962848663330078
      },
      "runs": [
        {
          "query": "List all grocery stores",
          "latency_ms": 7634.21106338501,
          "llm_calls": 2,
          "answer_source": "error",
          "has_error": true,
          "clarifications": 0,
          "agent_timings": {
            "intent_gate": 1.2278556823730469,
            "tool_planner": 3047.968864440918,
            "classifier": 2696.55704498291,
            "context": 1888.4572982788086
          }
        },
        {
          "query": "What is total grocery revenue?",
          "latency_ms": 47688.8210773468,
          "llm_calls": 5,
          "answer_source": "sql",
          "has_error": false,
          "clarifications": 0,
          "agent_timings": {
            "intent_gate": 0.24700164794921875,
            "tool_planner": 1956.7129611968994,
            "classifier": 11289.05177116394,
            "context": 2394.723892211914,
            "sql": 28016.40224456787,
            "validator": 1.8379688262939453,
            "executor": 1899.6782302856445,
            "response_synthesis": 2130.167007446289
          }
        },
        {
          "query": "Show gross margin by category",
          "latency_ms": 64450.14834403992,
          "llm_calls": 5,
          "answer_source": "sql",
          "has_error": false,
          "clarifications": 0,
          "agent_timings": {
            "intent_gate": 0.3139972686767578,
            "tool_planner": 2158.2179069519043,
            "classifier": 11729.356050491333,
            "context": 1766.3202285766602,
            "sql": 38614.19415473938,
            "validator": 3.709077835083008,
            "executor": 6217.278003692627,
            "response_synthesis": 3960.758924484253
          }
        }
      ]
    },
    {
      "stage": "stage3_simple_sql_synthesis_off",
      "query_count": 3,
      "latency_ms": {
        "mean": 20434.39753850301,
        "median": 7937.126159667969,
        "p95": 44536.41083240509
      },
      "llm_calls_mean": 2.6666666666666665,
      "success_rate": 1.0,
      "clarification_rate": 0.6666666666666666,
      "sql_answer_rate": 0.3333333333333333,
      "agent_mean_ms": {
        "sql": 35504.289865493774,
        "executor": 4929.551839828491,
        "response_synthesis": 4028.6219120025635,
        "classifier": 2435.62658627828,
        "tool_planner": 2134.226401646932,
        "context": 1042.258580525716,
        "validator": 3.320932388305664,
        "intent_gate": 0.3577868143717448
      },
      "runs": [
        {
          "query": "List all grocery stores",
          "latency_ms": 7937.126159667969,
          "llm_calls": 2,
          "answer_source": "clarification",
          "has_error": false,
          "clarifications": 1,
          "agent_timings": {
            "intent_gate": 0.19931793212890625,
            "tool_planner": 2881.6018104553223,
            "classifier": 3133.6328983306885,
            "context": 1921.692132949829
          }
        },
        {
          "query": "What is total grocery revenue?",
          "latency_ms": 4763.068437576294,
          "llm_calls": 2,
          "answer_source": "clarification",